{
  "n_replicates": 5,
  "replicates": [
    "ceiling-v2",
    "ceiling-v2-r2",
    "ceiling-v2-r3",
    "ceiling-v2-r4",
    "ceiling-v2-r5"
  ],
  "n_questions": 78,
  "arms": {
    "rag": {
      "accuracies": [
        0.5641,
        0.5513,
        0.5897,
        0.5513,
        0.5769
      ],
      "mean": 0.5666599999999999,
      "std": 0.016689158157318768
    },
    "cortex": {
      "accuracies": [
        0.5513,
        0.5897,
        0.5897,
        0.5385,
        0.5256
      ],
      "mean": 0.55896,
      "std": 0.02949606753450366
    },
    "hybrid": {
      "accuracies": [
        0.7051,
        0.7179,
        0.6795,
        0.7308,
        0.7179
      ],
      "mean": 0.71024,
      "std": 0.01943856990624568
    }
  },
  "source_files": [
    "longmemeval-ku-oracle-qwen-27b-ceiling-v2.jsonl",
    "longmemeval-ku-oracle-qwen-27b-ceiling-v2-r2.jsonl",
    "longmemeval-ku-oracle-qwen-27b-ceiling-v2-r3.jsonl",
    "longmemeval-ku-oracle-qwen-27b-ceiling-v2-r4.jsonl",
    "longmemeval-ku-oracle-qwen-27b-ceiling-v2-r5.jsonl"
  ]
}