{
  "delta": -0.0667,
  "p_value": 0.10119,
  "n_questions": 78,
  "arm": "rag",
  "a": "e4b-ft/arm1-abl-continuum-wall",
  "b": "e4b-ft/arm1-abl-flat-wall",
  "a_mean": 0.58204,
  "a_std": 0.014629354052725637,
  "b_mean": 0.6487,
  "b_std": 0.02950474538104001
}